{
  "$schema": "https://ui.shadcn.com/schema.json",
  "style": "new-york",
  "rsc": true,
  "tsx": true,
  "tailwind": {
    "config": "tailwind.config.js",
    "css": "src/app/globals.css",
    "baseColor": "slate",
    "cssVariables": true,
    "prefix": ""
  },
  "iconLibrary": "lucide",
  "aliases": {
    "components": "@/shared/components",
    "utils": "@/shared/lib/utils",
    "ui": "@/shared/components/ui",
    "lib": "@/shared/lib",
    "hooks": "@/shared/hooks"
  },
  "registries": {}
}